<resources>
    <color name="md_theme_primary">#755B0B</color>
    <color name="md_theme_onPrimary">#FFFFFF</color>
    <color name="md_theme_primaryContainer">#FFDF94</color>
    <color name="md_theme_onPrimaryContainer">#251A00</color>
    <color name="md_theme_secondary">#6A5D3F</color>
    <color name="md_theme_onSecondary">#FFFFFF</color>
    <color name="md_theme_secondaryContainer">#F3E1BB</color>
    <color name="md_theme_onSecondaryContainer">#231A04</color>
    <color name="md_theme_tertiary">#486549</color>
    <color name="md_theme_onTertiary">#FFFFFF</color>
    <color name="md_theme_tertiaryContainer">#CAEBC7</color>
    <color name="md_theme_onTertiaryContainer">#05210A</color>
    <color name="md_theme_error">#BA1A1A</color>
    <color name="md_theme_onError">#FFFFFF</color>
    <color name="md_theme_errorContainer">#FFDAD6</color>
    <color name="md_theme_onErrorContainer">#410002</color>
    <color name="md_theme_background">#FFF8F1</color>
    <color name="md_theme_onBackground">#1F1B13</color>
    <color name="md_theme_surface">#FFF8F1</color>
    <color name="md_theme_onSurface">#1F1B13</color>
    <color name="md_theme_surfaceVariant">#ECE1CF</color>
    <color name="md_theme_onSurfaceVariant">#4C4639</color>
    <color name="md_theme_outline">#7E7667</color>
    <color name="md_theme_outlineVariant">#CFC5B4</color>
    <color name="md_theme_scrim">#000000</color>
    <color name="md_theme_inverseSurface">#343027</color>
    <color name="md_theme_inverseOnSurface">#F9F0E2</color>
    <color name="md_theme_inversePrimary">#E5C36C</color>
    <color name="md_theme_primaryFixed">#FFDF94</color>
    <color name="md_theme_onPrimaryFixed">#251A00</color>
    <color name="md_theme_primaryFixedDim">#E5C36C</color>
    <color name="md_theme_onPrimaryFixedVariant">#594400</color>
    <color name="md_theme_secondaryFixed">#F3E1BB</color>
    <color name="md_theme_onSecondaryFixed">#231A04</color>
    <color name="md_theme_secondaryFixedDim">#D6C5A0</color>
    <color name="md_theme_onSecondaryFixedVariant">#51452A</color>
    <color name="md_theme_tertiaryFixed">#CAEBC7</color>
    <color name="md_theme_onTertiaryFixed">#05210A</color>
    <color name="md_theme_tertiaryFixedDim">#AECFAC</color>
    <color name="md_theme_onTertiaryFixedVariant">#314D33</color>
    <color name="md_theme_surfaceDim">#E2D9CC</color>
    <color name="md_theme_surfaceBright">#FFF8F1</color>
    <color name="md_theme_surfaceContainerLowest">#FFFFFF</color>
    <color name="md_theme_surfaceContainerLow">#FCF2E5</color>
    <color name="md_theme_surfaceContainer">#F6EDDF</color>
    <color name="md_theme_surfaceContainerHigh">#F0E7D9</color>
    <color name="md_theme_surfaceContainerHighest">#EAE1D4</color>
    <color name="md_theme_primary_mediumContrast">#544000</color>
    <color name="md_theme_onPrimary_mediumContrast">#FFFFFF</color>
    <color name="md_theme_primaryContainer_mediumContrast">#8D7123</color>
    <color name="md_theme_onPrimaryContainer_mediumContrast">#FFFFFF</color>
    <color name="md_theme_secondary_mediumContrast">#4D4226</color>
    <color name="md_theme_onSecondary_mediumContrast">#FFFFFF</color>
    <color name="md_theme_secondaryContainer_mediumContrast">#817354</color>
    <color name="md_theme_onSecondaryContainer_mediumContrast">#FFFFFF</color>
    <color name="md_theme_tertiary_mediumContrast">#2D492F</color>
    <color name="md_theme_onTertiary_mediumContrast">#FFFFFF</color>
    <color name="md_theme_tertiaryContainer_mediumContrast">#5E7C5E</color>
    <color name="md_theme_onTertiaryContainer_mediumContrast">#FFFFFF</color>
    <color name="md_theme_error_mediumContrast">#8C0009</color>
    <color name="md_theme_onError_mediumContrast">#FFFFFF</color>
    <color name="md_theme_errorContainer_mediumContrast">#DA342E</color>
    <color name="md_theme_onErrorContainer_mediumContrast">#FFFFFF</color>
    <color name="md_theme_background_mediumContrast">#FFF8F1</color>
    <color name="md_theme_onBackground_mediumContrast">#1F1B13</color>
    <color name="md_theme_surface_mediumContrast">#FFF8F1</color>
    <color name="md_theme_onSurface_mediumContrast">#1F1B13</color>
    <color name="md_theme_surfaceVariant_mediumContrast">#ECE1CF</color>
    <color name="md_theme_onSurfaceVariant_mediumContrast">#484235</color>
    <color name="md_theme_outline_mediumContrast">#655E50</color>
    <color name="md_theme_outlineVariant_mediumContrast">#827A6B</color>
    <color name="md_theme_scrim_mediumContrast">#000000</color>
    <color name="md_theme_inverseSurface_mediumContrast">#343027</color>
    <color name="md_theme_inverseOnSurface_mediumContrast">#F9F0E2</color>
    <color name="md_theme_inversePrimary_mediumContrast">#E5C36C</color>
    <color name="md_theme_primaryFixed_mediumContrast">#8D7123</color>
    <color name="md_theme_onPrimaryFixed_mediumContrast">#FFFFFF</color>
    <color name="md_theme_primaryFixedDim_mediumContrast">#725808</color>
    <color name="md_theme_onPrimaryFixedVariant_mediumContrast">#FFFFFF</color>
    <color name="md_theme_secondaryFixed_mediumContrast">#817354</color>
    <color name="md_theme_onSecondaryFixed_mediumContrast">#FFFFFF</color>
    <color name="md_theme_secondaryFixedDim_mediumContrast">#675B3D</color>
    <color name="md_theme_onSecondaryFixedVariant_mediumContrast">#FFFFFF</color>
    <color name="md_theme_tertiaryFixed_mediumContrast">#5E7C5E</color>
    <color name="md_theme_onTertiaryFixed_mediumContrast">#FFFFFF</color>
    <color name="md_theme_tertiaryFixedDim_mediumContrast">#466346</color>
    <color name="md_theme_onTertiaryFixedVariant_mediumContrast">#FFFFFF</color>
    <color name="md_theme_surfaceDim_mediumContrast">#E2D9CC</color>
    <color name="md_theme_surfaceBright_mediumContrast">#FFF8F1</color>
    <color name="md_theme_surfaceContainerLowest_mediumContrast">#FFFFFF</color>
    <color name="md_theme_surfaceContainerLow_mediumContrast">#FCF2E5</color>
    <color name="md_theme_surfaceContainer_mediumContrast">#F6EDDF</color>
    <color name="md_theme_surfaceContainerHigh_mediumContrast">#F0E7D9</color>
    <color name="md_theme_surfaceContainerHighest_mediumContrast">#EAE1D4</color>
    <color name="md_theme_primary_highContrast">#2D2000</color>
    <color name="md_theme_onPrimary_highContrast">#FFFFFF</color>
    <color name="md_theme_primaryContainer_highContrast">#544000</color>
    <color name="md_theme_onPrimaryContainer_highContrast">#FFFFFF</color>
    <color name="md_theme_secondary_highContrast">#2A2108</color>
    <color name="md_theme_onSecondary_highContrast">#FFFFFF</color>
    <color name="md_theme_secondaryContainer_highContrast">#4D4226</color>
    <color name="md_theme_onSecondaryContainer_highContrast">#FFFFFF</color>
    <color name="md_theme_tertiary_highContrast">#0C2810</color>
    <color name="md_theme_onTertiary_highContrast">#FFFFFF</color>
    <color name="md_theme_tertiaryContainer_highContrast">#2D492F</color>
    <color name="md_theme_onTertiaryContainer_highContrast">#FFFFFF</color>
    <color name="md_theme_error_highContrast">#4E0002</color>
    <color name="md_theme_onError_highContrast">#FFFFFF</color>
    <color name="md_theme_errorContainer_highContrast">#8C0009</color>
    <color name="md_theme_onErrorContainer_highContrast">#FFFFFF</color>
    <color name="md_theme_background_highContrast">#FFF8F1</color>
    <color name="md_theme_onBackground_highContrast">#1F1B13</color>
    <color name="md_theme_surface_highContrast">#FFF8F1</color>
    <color name="md_theme_onSurface_highContrast">#000000</color>
    <color name="md_theme_surfaceVariant_highContrast">#ECE1CF</color>
    <color name="md_theme_onSurfaceVariant_highContrast">#282318</color>
    <color name="md_theme_outline_highContrast">#484235</color>
    <color name="md_theme_outlineVariant_highContrast">#484235</color>
    <color name="md_theme_scrim_highContrast">#000000</color>
    <color name="md_theme_inverseSurface_highContrast">#343027</color>
    <color name="md_theme_inverseOnSurface_highContrast">#FFFFFF</color>
    <color name="md_theme_inversePrimary_highContrast">#FFEABD</color>
    <color name="md_theme_primaryFixed_highContrast">#544000</color>
    <color name="md_theme_onPrimaryFixed_highContrast">#FFFFFF</color>
    <color name="md_theme_primaryFixedDim_highContrast">#392B00</color>
    <color name="md_theme_onPrimaryFixedVariant_highContrast">#FFFFFF</color>
    <color name="md_theme_secondaryFixed_highContrast">#4D4226</color>
    <color name="md_theme_onSecondaryFixed_highContrast">#FFFFFF</color>
    <color name="md_theme_secondaryFixedDim_highContrast">#362C12</color>
    <color name="md_theme_onSecondaryFixedVariant_highContrast">#FFFFFF</color>
    <color name="md_theme_tertiaryFixed_highContrast">#2D492F</color>
    <color name="md_theme_onTertiaryFixed_highContrast">#FFFFFF</color>
    <color name="md_theme_tertiaryFixedDim_highContrast">#17331A</color>
    <color name="md_theme_onTertiaryFixedVariant_highContrast">#FFFFFF</color>
    <color name="md_theme_surfaceDim_highContrast">#E2D9CC</color>
    <color name="md_theme_surfaceBright_highContrast">#FFF8F1</color>
    <color name="md_theme_surfaceContainerLowest_highContrast">#FFFFFF</color>
    <color name="md_theme_surfaceContainerLow_highContrast">#FCF2E5</color>
    <color name="md_theme_surfaceContainer_highContrast">#F6EDDF</color>
    <color name="md_theme_surfaceContainerHigh_highContrast">#F0E7D9</color>
    <color name="md_theme_surfaceContainerHighest_highContrast">#EAE1D4</color>
    <color name="colorCustomColor1">#755B0B</color>
    <color name="colorOnCustomColor1">#FFFFFF</color>
    <color name="colorCustomColor1Container">#FFDF94</color>
    <color name="colorOnCustomColor1Container">#251A00</color>
    <color name="colorCustomColor1_mediumContrast">#544000</color>
    <color name="colorOnCustomColor1_mediumContrast">#FFFFFF</color>
    <color name="colorCustomColor1Container_mediumContrast">#8D7123</color>
    <color name="colorOnCustomColor1Container_mediumContrast">#FFFFFF</color>
    <color name="colorCustomColor1_highContrast">#2D2000</color>
    <color name="colorOnCustomColor1_highContrast">#FFFFFF</color>
    <color name="colorCustomColor1Container_highContrast">#544000</color>
    <color name="colorOnCustomColor1Container_highContrast">#FFFFFF</color>
</resources>
